[
    {
        "title": "Excellent tool for Slack",
        "description": "I've used Slack for years. Best in class performance.",
        "date": "2024-12-10 00:00:00",
        "rating": 5.0,
        "reviewer_name": "Nikhil Raj",
        "source": "G2",
        "sentiment": "Positive"
    },
    {
        "title": "A bit pricey",
        "description": "Works well but the monthly cost for teams is quite high.",
        "date": "2024-11-05 00:00:00",
        "rating": 3.5,
        "reviewer_name": "SaaS Reviewer",
        "source": "G2",
        "sentiment": "Positive"
    }
]